"","construct2","gsw"
"1","control",0.299905708333333
"2","transgenic",0.377631944444444
